{"name":"makeovermonday_2021w4","title":"2021/W4: Indian Coal Mine Production","description":"Indian Coal Mine Locations & Production\n\n---\n{\"editor\":\"simple\"}\n---\n# **Original Visualization**\n![https://media.data.world/1DmkisQ2OUIvOMnPg2vg\\_Screenshot%202021-01-20%20at%209.14.50%20pm.png](https://media.data.world/1DmkisQ2OUIvOMnPg2vg_Screenshot%202021-01-20%20at%209.14.50%20pm.png)\n\n​\n\n# **About this Dataset**\n**Required Citation**\nSandeep Pai and Hisham Zerriffi. A novel dataset for analysing sub-national socioeconomic developments in the Indian coal industry, IOPSciNotes, [https://doi.org/10.1088/2633-1357/abdbbb](https://doi.org/10.1088/2633-1357/abdbbb)\n\nSOURCE ARTICLE: [A novel dataset for analysing sub-national socioeconomic developments in the Indian coal industry](https://iopscience.iop.org/article/10.1088/2633-1357/abdbbb/pdf)\nDATA SOURCE: Sandeep Pai and Hisham Zerriffi via [Harvard Dataverse](https://dataverse.harvard.edu/dataset.xhtml?persistentId=doi:10.7910/DVN/TDEK8O)\n\n​\n\n# **Objectives**\n\n* What works and what doesn't work with this chart?\n* How can you make it better?","homepage":"https://data.world/makeovermonday/2021w4","resources":[{"name":"citaion_copyright","schema":{"fields":[{"name":"indian_coal_mine_location_and_production_december_2020","title":"Indian coal mine location and production - December 2020","type":"string","rdfType":"http://www.w3.org/2001/XMLSchema#string","dwSourceId":"indian_coal_mine_location_and_production_december_2020"},{"name":"indian_coal_mine_location_and_production_december_2020_2","title":"Indian coal mine location and production - December 2020","type":"string","rdfType":"http://www.w3.org/2001/XMLSchema#string","dwSourceId":"indian_coal_mine_location_and_production_december_2020_2"},{"name":"indian_coal_mine_location_and_production_december_2020_3","title":"Indian coal mine location and production - December 2020","type":"string","rdfType":"http://www.w3.org/2001/XMLSchema#string","dwSourceId":"indian_coal_mine_location_and_production_december_2020_3"},{"name":"indian_coal_mine_location_and_production_december_2020_4","title":"Indian coal mine location and production - December 2020","type":"string","rdfType":"http://www.w3.org/2001/XMLSchema#string","dwSourceId":"indian_coal_mine_location_and_production_december_2020_4"},{"name":"indian_coal_mine_location_and_production_december_2020_5","title":"Indian coal mine location and production - December 2020","type":"string","rdfType":"http://www.w3.org/2001/XMLSchema#string","dwSourceId":"indian_coal_mine_location_and_production_december_2020_5"},{"name":"indian_coal_mine_location_and_production_december_2020_6","title":"Indian coal mine location and production - December 2020","type":"string","rdfType":"http://www.w3.org/2001/XMLSchema#string","dwSourceId":"indian_coal_mine_location_and_production_december_2020_6"},{"name":"indian_coal_mine_location_and_production_december_2020_7","title":"Indian coal mine location and production - December 2020","type":"string","rdfType":"http://www.w3.org/2001/XMLSchema#string","dwSourceId":"indian_coal_mine_location_and_production_december_2020_7"},{"name":"indian_coal_mine_location_and_production_december_2020_8","title":"Indian coal mine location and production - December 2020","type":"string","rdfType":"http://www.w3.org/2001/XMLSchema#string","dwSourceId":"indian_coal_mine_location_and_production_december_2020_8"},{"name":"indian_coal_mine_location_and_production_december_2020_9","title":"Indian coal mine location and production - December 2020","type":"string","rdfType":"http://www.w3.org/2001/XMLSchema#string","dwSourceId":"indian_coal_mine_location_and_production_december_2020_9"},{"name":"indian_coal_mine_location_and_production_december_2020_10","title":"Indian coal mine location and production - December 2020","type":"string","rdfType":"http://www.w3.org/2001/XMLSchema#string","dwSourceId":"indian_coal_mine_location_and_production_december_2020_10"},{"name":"indian_coal_mine_location_and_production_december_2020_11","title":"Indian coal mine location and production - December 2020","type":"string","rdfType":"http://www.w3.org/2001/XMLSchema#string","dwSourceId":"indian_coal_mine_location_and_production_december_2020_11"},{"name":"indian_coal_mine_location_and_production_december_2020_12","title":"Indian coal mine location and production - December 2020","type":"string","rdfType":"http://www.w3.org/2001/XMLSchema#string","dwSourceId":"indian_coal_mine_location_and_production_december_2020_12"},{"name":"indian_coal_mine_location_and_production_december_2020_13","title":"Indian coal mine location and production - December 2020","type":"string","rdfType":"http://www.w3.org/2001/XMLSchema#string","dwSourceId":"indian_coal_mine_location_and_production_december_2020_13"},{"name":"indian_coal_mine_location_and_production_december_2020_14","title":"Indian coal mine location and production - December 2020","type":"string","rdfType":"http://www.w3.org/2001/XMLSchema#string","dwSourceId":"indian_coal_mine_location_and_production_december_2020_14"},{"name":"indian_coal_mine_location_and_production_december_2020_15","title":"Indian coal mine location and production - December 2020","type":"string","rdfType":"http://www.w3.org/2001/XMLSchema#string","dwSourceId":"indian_coal_mine_location_and_production_december_2020_15"},{"name":"indian_coal_mine_location_and_production_december_2020_16","title":"Indian coal mine location and production - December 2020","type":"string","rdfType":"http://www.w3.org/2001/XMLSchema#string","dwSourceId":"indian_coal_mine_location_and_production_december_2020_16"}]},"path":"data/citaion_copyright.csv","format":"csv"},{"name":"mines_datasheet","schema":{"fields":[{"name":"sl_no","title":"SL No.","type":"integer","rdfType":"http://www.w3.org/2001/XMLSchema#integer","dwSourceId":"sl_no"},{"name":"state_ut_name","title":"State/UT Name","type":"string","rdfType":"http://www.w3.org/2001/XMLSchema#string","dwSourceId":"state_ut_name"},{"name":"district_name","title":"District Name","type":"string","rdfType":"http://www.w3.org/2001/XMLSchema#string","dwSourceId":"district_name"},{"name":"mine_name","title":"Mine Name","type":"string","rdfType":"http://www.w3.org/2001/XMLSchema#string","dwSourceId":"mine_name"},{"name":"coal_lignite_production_mt_2019_2020","title":"Coal/ Lignite Production (MT) (2019-2020)","type":"number","rdfType":"http://www.w3.org/2001/XMLSchema#decimal","dwSourceId":"coal_lignite_production_mt_2019_2020"},{"name":"coal_mine_owner_name","title":"Coal Mine Owner Name","type":"string","rdfType":"http://www.w3.org/2001/XMLSchema#string","dwSourceId":"coal_mine_owner_name"},{"name":"coal_mine_owner_full_name","title":"Coal Mine Owner Full Name","type":"string","rdfType":"http://www.w3.org/2001/XMLSchema#string","dwSourceId":"coal_mine_owner_full_name"},{"name":"coal_lignite","title":"Coal/Lignite","type":"string","rdfType":"http://www.w3.org/2001/XMLSchema#string","dwSourceId":"coal_lignite"},{"name":"govt_owned_private","title":"Govt Owned/Private","type":"string","rdfType":"http://www.w3.org/2001/XMLSchema#string","dwSourceId":"govt_owned_private"},{"name":"type_of_mine_oc_ug_mixed","title":"Type of Mine (OC/UG/Mixed)","type":"string","rdfType":"http://www.w3.org/2001/XMLSchema#string","dwSourceId":"type_of_mine_oc_ug_mixed"},{"name":"latitude","title":"Latitude","type":"number","rdfType":"http://www.w3.org/2001/XMLSchema#decimal","dwSourceId":"latitude"},{"name":"longitude","title":"Longitude","type":"number","rdfType":"http://www.w3.org/2001/XMLSchema#decimal","dwSourceId":"longitude"},{"name":"source","title":"Source","type":"string","rdfType":"http://www.w3.org/2001/XMLSchema#string","dwSourceId":"source"},{"name":"accuracy_exact_vs_approximate","title":"Accuracy (exact vs approximate)","type":"string","rdfType":"http://www.w3.org/2001/XMLSchema#string","dwSourceId":"accuracy_exact_vs_approximate"},{"name":"location","title":" Location","type":"string","rdfType":"http://www.opengis.net/ont/OGC-GeoSPARQL/1.0/Point","dwSourceId":"location"}]},"path":"data/mines_datasheet.csv","format":"csv"},{"name":"original/Indian Coal Mines Dataset_January 2021-1.xlsx","path":"original/Indian Coal Mines Dataset_January 2021-1.xlsx","format":"xlsx","mediatype":"application/vnd.openxmlformats-officedocument.spreadsheetml.sheet","bytes":92703}],"keywords":["makeover monday","india","coal","mining","production","location","geographic","climate change","coal mining"]}